Title;Url;company/person;exclusion reason
Advantages and Disadvantages of Microservices;https://www.thegeekyminds.com/post/advantages-and-disadvantages-of-microservices;The Geeky Minds;no experience
Pros And Cons of Microservice;https://itexus.com/glossary/pros-and-cons-of-microservice/;Itexus;no details
The Pros and Cons of Microservices Architecture: Is it Right for Your Application?;https://medium.com/@saisiva249/the-pros-and-cons-of-microservices-architecture-is-it-right-for-your-application-ed7c2528fc25;Medium/Saisiva;no experience
Benefits and drawbacks of microservices;https://www.linkedin.com/pulse/benefits-drawbacks-microservices-data-ins-technology-llc/;LinkedIn/DataIns Technology;no details
Pros and Cons of Adopting Java Microservices Architecture;https://www.agicent.com/blog/pros-and-cons-of-adopting-java-microservices-architecture/;Agicent;no date
Microservices: Pros and Cons;https://www.altoros.com/wp-content/uploads/pdf/Microservices_vs_Monolithic_Architectures_The_Pros_Cons_and_Cloud_Foundry_Examples.pdf;Altoros;too old
Microservices Applications: Pros and Cons;https://www.charterglobal.com/using-microservices-in-applications-pros-and-cons/;Charter Global;no details
Microservice Architecture in Application Development: Advantages and Disadvantages;https://hackernoon.com/microservice-architecture-in-application-development-advantages-and-disadvantages;Hackernoon/Aleksey Alekseev;no experience
Monolithic Vs Microservices – Pros and Cons;https://usekosmos.com/monolithic-vs-microservices-pros-and-cons/;UseKosmos;no experience
The Pros and Cons of Microservices Architecture: Is it Right for Your Application?;https://www.parkplacetechnologies.com/blog/pros-cons-microservices/;Park Place Technologies;too old
 What are Microservice Architecture? Pros and Cons? ;https://www.youtube.com/watch?v=LSCyhCrsqz0;Javarevisited;no experience
Pros & Cons of Microservices Architecture;https://www.slideshare.net/AshwiniKuntamukkala/pros-cons-of-microservices-architecture;Slideshare/Ashwini Kuntamukkala;too old
Pros and Cons of Microservices Architecture;https://www.selfgrowth.com/articles/pros-and-cons-of-microservices-architecture;Selfgrowth.com;no date
Advantages & Disadvantages of Microservices;https://gophercoding.com/advantages-disadvantages-microservices/;Gopher Coding;no experience
Microservices – Architecture, Advantages and Disadvantages;https://www.mariogerard.com/microservices/;The TPM blog;no experience
The Pros and Cons of Using Microservices Architecture;https://recipes.dev/article/The_Pros_and_Cons_of_Using_Microservices_Architecture.html;Developer Recipes;no experience
Monolith vs Microservices: Which Is Better to Choose?;https://itoutposts.com/blog/monolith-vs-microservices-which-is-better-to-choose/;Outposts;no date
Splitting the Monolith: Pros and Cons of Monolithic and Microservice Architecture;https://webdeveloperdiary.substack.com/p/splitting-the-monolith-pros-and-cons;Diary for a web developer;no experience
Microservices vs Monolithic Architecture: Which One Is Best for Your Company?;https://blurify.com/blog/monolith-vs-microservices-which-architecture-is-best-for-your-company/;Blurify;no date
Monolithic vs Microservices: A Guide to Choosing The Right Architecture;https://dashbird.io/knowledge-base/well-architected/monolith-vs-microservices/;Dashbird;no date
What are the best practices and advantages of using microservices with nodejs;https://www.ashutec.com/blog/what-are-the-best-practices-and-advantages-of-using-microservices-with-nodejs-f6ffb1a06561;Ashutec;off-topic
What are Microservices, Advantages and Disadvantages, Microservices Architecture, Micro vs Monolith ;https://www.youtube.com/watch?v=g6sp5KdMP5k;It-Made-Easy;no experience
Advantages and Disadvantages of Microservices Architecture - lecture 8/ Software Architecture;https://www.youtube.com/watch?v=dE6NPDM3NMU;asha khilrani;no experience
The pros and cons of Microservices ;https://www.youtube.com/watch?v=li2BSeNbo8c;Dev2 Technologies;too old
6 Key Benefits of Microservices Architecture;https://stackify.com/6-key-benefits-of-microservices-architecture/;stackify;no experience
Microservice Bad Smells and Anti Patterns;https://www.manuelkruisz.com/blog/posts/microservice-bad-smells;Manuel Kruisz;off-topic
The Pros and Cons of Microservices: Is It Right for Your Project?;https://identio.fi/en/blog/the-pros-and-cons-of-microservices-is-it-right-for-your-project/;Istio (identio?);no date
Start with Microservices. Don't start with Microservices;https://chrisza.me/microservice-start-not-start/;Chris' Dialogue;no experience
Domain-Driven Design Principles for Microservices;https://semaphoreci.com/blog/domain-driven-design-microservices;Semaphore CI;off-topic
Designing the microservice application layer and Web API;https://learn.microsoft.com/en-us/dotnet/architecture/microservices/microservice-ddd-cqrs-patterns/microservice-application-layer-web-api-design;Microsoft Learn;off-topic
Advantages and Disadvantages of Microservices Architecture;https://cloudacademy.com/blog/microservices-architecture-challenge-advantage-drawback/;cloud academy;no experience
Levels of Modularity;https://gregorriegler.com/2020/08/08/levels-of-modularity.html;Gregor Riegler;no details
Advantages of microservices: Why you should drop your monolith (ot not!);https://www.architect.io/blog/2023-03-16/microservices-advantages-and-disadvantages/;Architect.io;no date
What Are Microservices? Pros Cons and How to Build Them;https://blog.udemy.com/what-are-microservices/;udemy;no experience
Microservices: the Pros and the Cons;https://agilethought.com/blogs/microservices-pros-and-cons/;AgileThought;no experience
Microservices: Architecture Benefits and How to Adopt;https://swimm.io/learn/microservices/microservices-architecture-benefits-and-how-to-adopt;swimm;no date
What are microservices? Your next software architecture;https://www.infoworld.com/article/3445043/what-are-microservices-your-next-software-architecture.html;infoworld;no experience
What are Microservices: The Pros and Cons;https://dev.to/priyanshi_sharma/what-are-microservices-the-pros-and-cons-17bj;DEV Community;no experience
Top 10 Microservices Design Patterns and Their Pros and Cons;https://www.computer.org/publications/tech-news/trends/microservices-design-patterns;IEEE;no experience
What Are Microservices? ;https://www.itpro.com/strategy/28878/what-are-microservices;ITProToday;no experience
Advantages and Disadvantages of Microservices Architecture;https://codeinstitute.net/global/blog/advantages-and-disadvantages-of-microservices-architecture/;code institute;no date
Microcservices;https://www.nginx.com/learn/microservices/;nginx;no date
An In-Depth Guide to Microservices Architecture;https://medium.com/@gargg/an-in-depth-guide-to-microservices-architecture-78a85287df77;Medium/Gaurav Garg;no experience
When to Use Microservices in Java;https://www.jrebel.com/blog/when-to-use-microservices-in-java;Jrebel;no experience
Microservices: Pros & Cons of Using Microservices On A Project;https://www.madetech.com/blog/microservices-pros-and-cons/;MadeTech;too old
What Are The Benefits of Microservices Architecture?;https://www.appdynamics.com/topics/benefits-of-microservices;appdynamics;no date
Microservice Architecture vs Monolithic Architecture: Pros and Cons;https://www.linkedin.com/pulse/microservice-architecture-vs-monolithic-pros-cons-twocompo-com;twocompo/ linkedin;no details
5 Pros and Cons of Microservices Explained;https://www.hitechnectar.com/blogs/5-pros-and-cons-of-microservices-explained/;hitechnectar;no date
Microservices vs. Monolith: Pros Cons and How to Choose;https://www.codesee.io/learning-center/microservices-vs-monolith;codesee;no date
SOA vs. Microservices;https://www.integrate.io/blog/soa-vs-microservices/;integrate.io;no details
Microservices vs Monolithic Architecture: Pros and Cons;https://blog.minervavisuals.co/microservices-vs-monoliths/;minerva visuals;no experience
What Are Microservices? Pros Cons and How to Build Them and How to Build;https://entri.app/blog/what-are-microservices-pros-cons-and-how-to-build/;entri.app;no experience
Microservices in a Nutshell. Pros and Cons.;https://phauer.com/2015/microservices-nutshell-pros-cons/;Philipp Hauer;too old
Monolithic vs Microservices Architecture: Pros and Cons;https://intellisoft.io/monolith-vs-microservices-architecture-pros-and-cons/;Intellisoft;duplicate
Microservices Architecture - Explained in Plain English;https://www.freecodecamp.org/news/microservices-architecture-for-humans/;freeCodeCamp/Charles M;no experience
Monolithic vs Microservices: Pros Cons and what should you use?;https://matcha.fyi/monolithic-vs-microservices/;Matcha.fyi;no experience
Microservice Architecture: Unveiling the Advantages and Disadvantages;https://www.finoit.com/articles/pros-and-cons-of-microservices/;finoit technologies;no date
Microservice Architecture – Learn Build and Deploy Microservices;https://www.edureka.co/blog/microservice-architecture/;edureka;no experience
Monoliths vs. microservices - benefits and drawbacks;https://medium.com/transparent-data-eng/monoliths-vs-microservices-benefits-and-drawbacks-a-comparision-9e7a462b8e3a;Medium/Transparent data;no experience
Monolithic vs Microservices: pros and cons;https://renanmf.com/monolithic-microservices-pros-and-cons/;Renan Moura;no details
What are Microservices? Code Examples Best Practices Tutorials and More;https://stackify.com/what-are-microservices/;Stackify/ Alexandra;no experience
The Pros and Cons of Microservices;https://distillery.com/blog/the-pros-and-cons-of-microservices/;Distillery;no details
Monolithic vs. Microservices: The Pros and Cons of Each;https://www.lilachbullock.com/monolithic-vs-microservices-pros-cons/;Lilach Bullock;no experience
What are the Advantages and Disadvantages of Microservices?;https://www.impactqa.com/blog/what-are-the-advantages-and-disadvantages-of-microservices/;ImpactQA;no details
Microservices Architecture: Pros and Cons;https://www.momentslog.com/development/design-pattern/microservices-vs-monolithic-architecture-pros-and-cons;momentslog;no experience
Exploring the Pros and Cons of Microservices Architecture;https://vicksheet.medium.com/exploring-the-pros-and-cons-of-microservices-architecture-f8c1d0ad2a4a;Medium/Vicksheet Shanbhag;no experience
A Deep Dive Into Microservices Architecture: Pros Cons And Implementation;https://medium.com/@gmatechnologiesus/a-deep-dive-into-microservices-architecture-pros-cons-and-implementation-f7511c6e55de;Medium/gmatechnologyus;no experience
SOA vs Microservices: Differences Pros & Cons;https://www.datamation.com/applications/microservices-vs-soa/;Jacqueline Emigh;no experience
Monolith vs Microservices: Understanding the Pros and Cons of each Approach;https://aquare.la/en/monolith-vs-microservices-understanding-the-pros-and-cons-of-each-approach/;Michael Haraeb;no experience
Understanding the pros and cons of Microservices Architecture in software development;https://www.linkedin.com/pulse/understanding-pros-cons-microservices-architecture-software-development;linkedin/Ceyentra Technologies;no details
Pros and cons of microservices;https://www.semicolonandsons.com/code_diary/architecture/pros-and-cons-of-microservices;Semicolon & Sons;no experience
The Advantages (and Disadvantages) of Microservices Architecture;https://www.insightsforprofessionals.com/it/software/pros-and-cons-of-microservices-architecture;Insights For Professionals;no experience
Microservices;https://aws.amazon.com/microservices/;AWS;no date
Exploring the Pros and Cons of Microservice Architecture;https://vicksheet.medium.com/exploring-the-pros-and-cons-of-microservices-architecture-f8c1d0ad2a4a;medium/Vicksheet Shanbhag;paywall
Monolith Or Microservices – Pros & Cons;https://techtrendspro.com/monolith-microservices-pros-cons/;TechTrendsPro;no experience
Monolithic To Microservices: Advantages Disadvantages And The Real Reason Companies Migrate;https://www.shopify.com/enterprise/blog/monolithic-to-microservices;enterprise ecommerce;no date
Advantages and Disadvantages of Microservices Architecture;https://www.mikegingerich.com/blog/advantages-and-disadvantages-of-microservices-architecture/;Mige Gingerich;no details
Why Use MicroServices? Architectural Insights and Comparisons;https://www.educative.io/blog/why-use-microservices;Educative;no experience
The Pros and Cons of Microservices Architecture: Explained;https://www.remotely.works/blog/the-pros-and-cons-of-microservices-architecture-explained;Remotely;no date
Microservice Architecture - Explore UBER's Microservice Architecture;https://medium.com/edureka/microservice-architecture-5e7f056b90f1;medium/sahiti kappagantula;no experience
Pros and cons of Microservices Architecture;https://dotruntime.com/blog/pros-and-cons-of-microservices-architecture/;dotruntime;no experience
The Pros and Cons of Microservices Architecture;https://pros-versus-cons.com/technology/software/microservices/;pros-versus-cons;no experience
Monoliths vs. Microservices: Breaking Down Software Architectures;https://dev.to/documatic/monoliths-vs-microservices-breaking-down-software-architectures-1keh;DEV Community;no experience
Microservices Pros and Cons;https://www.linkedin.com/pulse/microservices-pros-cons-ashok-bhagria;Linkedin/Ashok Bhagria;no details
Monolith vs. Microservices: Which Is Best?;https://www.perforce.com/blog/vcs/monolith-vs-microservices;Perforce;no experience
What are microservices?;https://www.ibm.com/topics/microservices;ibm;no date
The Advantages and Disadvantages of Microservices;https://www.techolution.com/microservices-advantages-disadvantages/;techolution;no experience
Microservices vs. Monolithic Architectures;https://www.baeldung.com/cs/microservices-vs-monolithic-architectures;baeldung;no experience
What I Needed to Know Before Adopting Microservices Architecture;https://blog.bitsrc.io/what-i-needed-to-know-before-adopting-microservice-architecture-87d5e0afc82f;medium;paywall
Microservice Architecture: A brief overview and why you should use it in your next project;https://towardsdatascience.com/microservice-architecture-a-brief-overview-and-why-you-should-use-it-in-your-next-project-a17b6e19adfd;medium/Md Kamaruzzaman;paywall
Microservices Explained: How Do They Work and What's So Good About Them?;https://www.makeuseof.com/microservices-explained-how-work-advantages-disadvantages/;MakeUseOf;no experience
The monolith microservices and serverless computing: pros and cons;https://itsvit.com/blog/the-monolith-microservices-and-serverless-computing-pros-and-cons/;ITSvit;no details
Monolithic (Legacy) vs. Microservices Application Development;https://www.logicmonitor.com/blog/monolithic-legacy-vs-microservices-application-development;LogicMonitor;no date
What are microservices? Definition characteristics advantages and disadvantages;https://www.chakray.com/what-are-microservices-definition-characteristics-and-advantages-and-disadvantages-2/;Chakray;no date
The battle of architectures: Monoliths vs. microservices;https://blog.softwareag.com/monoliths-vs-microservices/;softwareag;no details
Everyone talks about microservice application architecture.;https://tadviser.com/index.php/Article:Microservice_architecture:_features,_advantages_and_disadvantages;TADVISER;no experience
What are Microservices? The Pros and Cons;https://medium.com/@mistazidane/what-are-microservices-c1c95adb6a9d;medium/Mistazidane;no experience
Microservices Architecture: Pros and Cons;https://www.nucamp.co/blog/coding-bootcamp-back-end-with-python-and-sql-microservices-architecture-pros-and-cons;nucamp;no experience
An intro to cloud-native microservices and how to build them;https://www.techtarget.com/searchapparchitecture/tip/An-intro-to-cloud-native-microservices-and-how-to-build-them;TechTarget;paywall
SERVICE-ORIENTED ARCHITECTURE VS MICROSERVICES: WHAT IS THE BEST SYSTEMS INTEGRATION APPROACH?;https://dev.pro/insights/service-oriented-architecture-vs-microservices-what-is-the-best-systems-integration-approach/;Dev.pro;no details
Microservices: understanding what it is and its benefits;https://www.atlassian.com/microservices;Atlassian;no date
Microservice architecture style;https://learn.microsoft.com/en-us/azure/architecture/guide/architecture-styles/microservices;Microsoft;no date
Monolithic vs Microservices;https://konghq.com/learning-center/microservices/monolith-vs-microservices;Kong;no date
Advantages and Disadvantages of Using Microservices for Application Modernization ;https://www.mavensolutions.tech/blog/microservices-pros-and-cons/;Maven;no date
What are Microservices? ;https://smartbear.com/learn/api-design/microservices/;Smartbear;no date
Microservices vs. monolithic architecture;https://www.atlassian.com/microservices/microservices-architecture/microservices-vs-monolith;Atlassian;no date
What are microservices? Everything you need to know;https://www.techtarget.com/searchapparchitecture/definition/microservices;TechTarget;paywall
SOA vs. Microservices: A Head-to-Head Comparison;https://scoutapm.com/blog/soa-vs-microservices;ScoutAPM;no experience
Web Services vs. Microservices: Unraveling the Architecture Dilemma with use cases, pros, and cons;https://www.webgranth.com/knowledge-hub/web-services-vs-microservices-unraveling-the-architecture-dilemma-with-use-cases-pros-and-cons/;Webgranth;no experience
Monoliths vs Microservices vs Serverless;https://www.split.io/blog/monoliths-vs-microservices-vs-serverless/;Split;off-topic
The Pros and Cons of Microservices: Is It the Right Choice for Your Project?;https://medium.com/thedevproject/the-pros-and-cons-of-microservices-is-it-the-right-choice-for-your-project-aec355e2f85b;Medium/The Dev Project;paywall
Service-Oriented Architecture vs Microservices: Pros and Cons;https://www.linkedin.com/pulse/service-oriented-architecture-vs-microservices-pros-cons-chuchina/;Dev.pro;no details
MVC vs. Microservices: Understanding their Architecture;https://wisdomplexus.com/blogs/mvc-vs-microservices/;WisdomPlexus;off-topic
ESB vs. Microservices: What’s the Difference?;https://www.ibm.com/blog/esb-vs-microservices/;IBM;no details
Comparing Software Architectures: Pros and Cons of Monolithic, SOA, Microservices, EDA, and DDD;https://ekinbulut.com/comparing-software-architectures-pros-and-cons-of-monolithic-soa-microservices-eda-and-ddd-eea61abffb75;Medium/Ekin Bulut;no details
SOA vs Microservices – Difference Between Them;https://www.guru99.com/microservices-vs-soa.html;Guru99;no experience
Monolithic vs. SOA vs. Microservices;https://www.linkedin.com/pulse/monolithic-vs-soa-microservices-aqib-javed-/;LinkedIn/Aqib Javed;no details
Microservices Beyond the Hype: What You Gain and What You Lose ;https://insights.sei.cmu.edu/blog/microservices-beyond-the-hype-what-you-gain-and-what-you-lose/;Paulo Merson;too old
Difference between Microservices and Monolithic Architecture for Java Interviews;https://medium.com/javarevisited/difference-between-microservices-and-monolithic-architecture-for-java-interviews-af525908c2d5;Javarevisited;paywall
Monoliths vs. Microservices: Which Is Right for Your SaaS Application?;https://thebossmagazine.com/monoliths-vs-microservices-saas/;Boss Magazine;no experience
Closer Look at Microservices vs Modular Monolith vs Monolith: Exploring the Pros and Cons;https://bulutbatuhan.medium.com/closer-look-at-microservices-vs-modular-monolith-vs-monolith-exploring-the-pros-and-cons-8c8b16029a24;Medium/Batuhan Bulut;no experience
Microservices vs Monolith: Which is Better;https://batalin.dev/posts/microservices-vs-monolith/;Kirill Batalin;no details
Exploring the World of Microservices: Pros and Cons for Modern Applications;https://medium.com/@shovon.exe/exploring-the-world-of-microservices-pros-and-cons-for-modern-applications-866b17fd42da;Medium/Shovon Das;no experience
Microservices Advantages And Disadvantages | Definition, How They Work?, Pros and Cons of Microservices;https://cbselibrary.com/microservices-advantages-and-disadvantages/;CBSE Library;no experience
How can you choose alternatives to microservices?;https://www.linkedin.com/advice/3/how-can-you-choose-alternatives-microservices;Linkedin;wrong format
Microservices vs. Monolithic: The Differences You Should Know;https://www.unosquare.com/blog/microservices-vs-monolithic-the-differences-you-should-know/;Unosquare;no date
From legacy monolith app to microservices infrastructure. Case study;https://upplabs.com/blog/from-legacy-monolith-app-to-microservices-infrastructure-case-study/;Upplabs;no date
Microservices vs. Serverless;https://fathomtech.io/blog/microservices-vs-serverless/;Fathom;no date
The Pros and Cons of Monolithic vs. Microservices Architectures;https://seniordev.substack.com/p/the-pros-and-cons-of-monolithic-vs;Senior Developer Newsletter;no details
What are the advantages and disadvantages of using microservices for payment system architecture?;https://www.linkedin.com/advice/3/what-advantages-disadvantages-using-microservices;Linkedin;wrong format
Exploring the Pros and Cons of MACH Architecture: Microservices, API-First, Cloud-Native, and Headless;https://www.linkedin.com/pulse/exploring-pros-cons-mach-architecture-microservices-api-first-khatri/;Linkedin/Chandan Khatri;no details
Serverless vs. Microservices;https://serverlessworks.com/serverless-vs-microservices;ServerlessWorks;no date
Serverless, Microservices, or Monolith: Choosing Back End Architecture for Your Startup;https://leanylabs.com/blog/serveless-microservices-monolith/#pros-of-microservices;Leanylabs;no date
What are Microservices?;https://www.cioinsight.com/it-strategy/what-are-microservices/;CIOinsight;no experience
Exploring the Pros and Cons of Microservices Architecture;https://www.devskillbuilder.com/exploring-the-pros-and-cons-of-microservices-architecture-9ff9efd2ccac;medium/Wensen Ma;paywall
Dark Energy, Dark Matter and the Microservices Patterns?!;https://www.infoq.com/presentations/dark-energy-matter-microservices/;InfoQ;off-topic
Why I've Been Merging Microservices Back Into The Monolith At InVision;https://www.bennadel.com/blog/3944-why-ive-been-merging-microservices-back-into-the-monolith-at-invision.htm;Ben Nadel;off-topic
Anti-patterns in Microservices (Don’t Do These);https://apiacademy.co/2022/06/anti-patterns-in-microservices-dont-do-these/;API academy;off-topic
How to break a Monolith into Microservices;https://martinfowler.com/articles/break-monolith-into-microservices.html;martinfowler.com;off-topic
Database Design in a Microservices Architecture;https://www.baeldung.com/cs/microservices-db-design;Baeldung;off-topic
Monolith, SOA, Microservices, or Serverless?;https://devopsbootcamp.org/mvp-architectures/;Devops bootcamp;duplicate
Microservice architecture is not a silver bullet;https://pgillich.medium.com/microservice-architecture-is-not-a-silver-bullet-26f883c44235;Peter Gillich;no experience
06. Exploring the Advantages and Disadvantages of Microservices Architecture | Pros and Cons;https://www.youtube.com/watch?v=nGScLlutHCA;Programming Palli;wrong language
